<?xml version="1.0" encoding="UTF-8"?>
<project-private xmlns="http://www.netbeans.org/ns/project-private/1">
    <open-files xmlns="http://www.netbeans.org/ns/projectui-open-files/1">
        <file>file:/Users/ea149956/Personal/iaroc/iaroc-sunspot-irobot/whiteline-classes/build.properties</file>
        <file>file:/Users/ea149956/Personal/iaroc/iaroc-sunspot-irobot/whiteline-classes/src/com/iaroc/irobot/sample/FindLineState.java</file>
        <file>file:/Users/ea149956/Personal/iaroc/iaroc-sunspot-irobot/whiteline-classes/src/com/iaroc/irobot/sample/StateMachine.java</file>
        <file>file:/Users/ea149956/Personal/iaroc/iaroc-sunspot-irobot/whiteline-classes/src/com/iaroc/irobot/sample/WhiteLineFollowerUsingClassesMIDlet.java</file>
    </open-files>
</project-private>
