<?xml version="1.0" encoding="UTF-8"?>
<project-private xmlns="http://www.netbeans.org/ns/project-private/1">
    <open-files xmlns="http://www.netbeans.org/ns/projectui-open-files/1">
        <file>file:/Users/ea149956/Personal/iaroc/iaroc-sunspot-irobot/makesquare/build.xml</file>
        <file>file:/Users/ea149956/Personal/iaroc/iaroc-sunspot-irobot/makesquare/nbproject/private/private.xml</file>
        <file>file:/Users/ea149956/Personal/iaroc/iaroc-sunspot-irobot/makesquare/src/com/iaroc/irobot/sample/MakeSquareMIDlet.java</file>
    </open-files>
</project-private>
